id,name,email,signup_date,country
1,Allison Hill,allisonhill1@gmail.com,2026-01-30,Brazil
2,Brian Yang,brianyang2@hotmail.com,2025-03-01,Germany
3,Javier Johnson,javierjohnson3@gmail.com,2025-06-15,Portugal
4,Lance Hoffman,lancehoffman4@hotmail.com,2026-02-18,France
5,Kimberly Robinson,kimberlyrobinson5@hotmail.com,2026-03-21,Mexico
6,Sean Blake,seanblake6@gmail.com,2024-05-04,Brazil
7,Gina Moore,ginamoore7@yahoo.com,2026-07-16,United States
8,James Howard,jameshoward8@yahoo.com,2025-06-25,Germany
9,Renee Blair,reneeblair9@hotmail.com,2023-11-16,Mexico
10,Thomas Miller,thomasmiller10@yahoo.com,2026-07-23,France
11,Lisa Hensley,lisahensley11@hotmail.com,2025-08-04,France
12,Benjamin Stanley,benjaminstanley12@yahoo.com,2024-05-09,Germany
13,Dr. Sharon James,drsharonjames13@yahoo.com,2024-03-10,Mexico
14,Holly Wood,hollywood14@gmail.com,2025-02-23,Brazil
15,Mia Sutton,miasutton15@gmail.com,2025-10-24,Argentina
16,Carolyn Daniel,carolyndaniel16@gmail.com,2024-10-19,United Kingdom
17,Devin Schaefer,devinschaefer17@hotmail.com,2025-11-01,Germany
18,Melinda Cameron,melindacameron18@gmail.com,2024-10-26,United States
19,Andrew Stewart,andrewstewart19@yahoo.com,2026-03-10,Argentina
20,Thomas Bradley,thomasbradley20@hotmail.com,2026-03-01,Canada
21,Matthew Foster,matthewfoster21@hotmail.com,2024-10-11,Mexico
22,Derek Wright,derekwright22@hotmail.com,2025-03-23,Brazil
23,Nicole Patterson,nicolepatterson23@hotmail.com,2024-02-18,France
24,Daniel Bright,danielbright24@hotmail.com,2026-01-03,Argentina
25,Peter Callahan Jr.,petercallahanjr25@gmail.com,2026-04-07,France
26,Jennifer Brown,jenniferbrown26@yahoo.com,2025-01-23,Mexico
27,Julie King,julieking27@hotmail.com,2024-09-05,Mexico
28,Alexandra Le,alexandrale28@hotmail.com,2025-08-18,United States
29,Nicole Mack,nicolemack29@yahoo.com,2026-06-14,Germany
30,Jeffrey Chavez,jeffreychavez30@hotmail.com,2025-01-31,United States
31,Deborah Mason,deborahmason31@gmail.com,2025-05-27,United States
32,Ashley Garrett,ashleygarrett32@hotmail.com,2024-07-29,United Kingdom
33,Christina Brooks,christinabrooks33@gmail.com,2024-03-01,Canada
34,Paula Moreno,paulamoreno34@gmail.com,2025-10-17,Canada
35,Katherine Rodriguez,katherinerodriguez35@yahoo.com,2024-09-18,Germany
36,Sandra Parker,sandraparker36@gmail.com,2025-03-18,United States
37,Keith Miller,keithmiller37@hotmail.com,2025-09-30,France
38,Mr. Philip Cannon,mrphilipcannon38@gmail.com,2025-05-02,Portugal
39,Theresa Martin,theresamartin39@hotmail.com,2024-02-12,Argentina
40,Jenny Lewis,jennylewis40@hotmail.com,2025-03-12,France
41,Melissa Marquez,melissamarquez41@yahoo.com,2025-06-23,Canada
42,Marie Kim DDS,mariekimdds42@gmail.com,2026-05-24,Germany
43,Austin Smith,austinsmith43@hotmail.com,2026-07-12,Canada
44,Daniel Jones,danieljones44@hotmail.com,2024-06-16,United Kingdom
45,Austin Johnson,austinjohnson45@yahoo.com,2026-05-03,Germany
46,David Caldwell,davidcaldwell46@gmail.com,2024-12-10,Germany
47,Miranda Khan,mirandakhan47@hotmail.com,2023-11-28,Argentina
48,Richard Aguirre,richardaguirre48@gmail.com,2024-02-19,Portugal
49,Matthew Gomez,matthewgomez49@yahoo.com,2025-03-22,Portugal
50,Nicholas Nunez,nicholasnunez50@hotmail.com,2025-04-28,France
51,James Morgan,jamesmorgan51@gmail.com,2025-03-26,Mexico
52,Connor West,connorwest52@yahoo.com,2024-04-21,Mexico
53,Joel Baxter,joelbaxter53@gmail.com,2024-06-20,Canada
54,Scott Pierce,scottpierce54@gmail.com,2025-06-23,Portugal
55,Kimberly Smith,kimberlysmith55@gmail.com,2023-11-07,Spain
56,Sarah Martin,sarahmartin56@yahoo.com,2026-03-13,Brazil
57,Dr. Steven Martin,drstevenmartin57@gmail.com,2026-02-03,Portugal
58,Mrs. Rachel Gibson,mrsrachelgibson58@yahoo.com,2025-10-23,Argentina
59,Monica Logan,monicalogan59@hotmail.com,2026-05-08,Argentina
60,Brittney Phillips,brittneyphillips60@gmail.com,2024-07-26,Mexico
61,Kimberly Adkins,kimberlyadkins61@gmail.com,2024-01-31,France
62,John Calhoun,johncalhoun62@hotmail.com,2025-04-19,France
63,Tyler Miller,tylermiller63@gmail.com,2026-08-23,United States
64,Barry Hensley,barryhensley64@yahoo.com,2025-03-18,Canada
65,Steve Sanchez,stevesanchez65@hotmail.com,2026-01-30,United Kingdom
66,Bradley Sandoval,bradleysandoval66@hotmail.com,2024-04-08,Portugal
67,Taylor Harris,taylorharris67@hotmail.com,2024-02-29,Brazil
68,Derek Anderson,derekanderson68@hotmail.com,2025-03-25,France
69,Eugene Walton,eugenewalton69@gmail.com,2025-09-15,France
70,Marc Hart,marchart70@gmail.com,2026-02-10,United Kingdom
71,Daniel Baker,danielbaker71@yahoo.com,2023-11-11,Mexico
72,Sherry Wood,sherrywood72@gmail.com,2025-08-04,Portugal
73,Joshua Turner,joshuaturner73@hotmail.com,2024-08-11,Portugal
74,Mary Spencer,maryspencer74@hotmail.com,2023-09-25,Brazil
75,Shawn Baker,shawnbaker75@gmail.com,2024-11-21,Spain
76,Brittney Campbell,brittneycampbell76@gmail.com,2026-08-07,United States
77,Christina Walters,christinawalters77@yahoo.com,2024-09-02,United Kingdom
78,Danielle Odonnell,danielleodonnell78@gmail.com,2025-05-13,Brazil
79,Jeff Hill,jeffhill79@gmail.com,2025-05-10,Mexico
80,Carlos Whitney,carloswhitney80@gmail.com,2026-04-07,United States
81,Kristen Patterson,kristenpatterson81@gmail.com,2023-12-25,United States
82,Tony Vazquez,tonyvazquez82@gmail.com,2023-09-21,Portugal
83,Sandra Aguilar,sandraaguilar83@gmail.com,2025-12-27,Spain
84,Andrew Diaz,andrewdiaz84@gmail.com,2025-10-12,United Kingdom
85,Christine Wright,christinewright85@gmail.com,2023-10-01,Mexico
86,Justin Baxter,justinbaxter86@hotmail.com,2024-05-02,Germany
87,Tammy Young,tammyyoung87@gmail.com,2025-07-31,United Kingdom
88,Rita Keith,ritakeith88@gmail.com,2024-06-20,Canada
89,Tim Patton,timpatton89@yahoo.com,2024-04-01,France
90,Sharon Cochran,sharoncochran90@yahoo.com,2024-03-05,United States
91,Michael Reyes,michaelreyes91@gmail.com,2025-04-26,Germany
92,Courtney Velasquez,courtneyvelasquez92@yahoo.com,2026-05-07,Canada
93,Robert Savage,robertsavage93@gmail.com,2026-08-03,Mexico
94,Corey Murphy,coreymurphy94@gmail.com,2025-06-01,Mexico
95,Diana May,dianamay95@yahoo.com,2025-06-21,Brazil
96,Sarah Rivera,sarahrivera96@gmail.com,2026-04-23,Brazil
97,Wesley White,wesleywhite97@yahoo.com,2025-06-04,United States
98,Kyle Reed,kylereed98@yahoo.com,2026-07-13,Canada
99,William Wilson,williamwilson99@hotmail.com,2026-04-23,France
100,Andrew Graham,andrewgraham100@hotmail.com,2025-05-16,United Kingdom
101,Kimberly Ball,kimberlyball101@hotmail.com,2023-12-26,Germany
102,Christina Reynolds,christinareynolds102@hotmail.com,2025-12-19,Mexico
103,Lisa Alvarado,lisaalvarado103@gmail.com,2024-01-21,Germany
104,Elizabeth Parker,elizabethparker104@yahoo.com,2024-01-21,Argentina
105,Michael Spencer,michaelspencer105@gmail.com,2025-08-22,United States
106,Todd Byrd,toddbyrd106@gmail.com,2026-03-01,Argentina
107,Elizabeth Kelley,elizabethkelley107@gmail.com,2024-09-20,Argentina
108,Daniel Floyd,danielfloyd108@hotmail.com,2024-05-27,Spain
109,Julie Ramos,julieramos109@gmail.com,2026-05-28,United States
110,Rebecca Moyer,rebeccamoyer110@hotmail.com,2026-05-14,Argentina
111,Bradley Robertson,bradleyrobertson111@hotmail.com,2024-10-21,United States
112,Anna Crane,annacrane112@gmail.com,2025-04-24,Germany
113,Courtney Gonzalez,courtneygonzalez113@gmail.com,2025-08-22,France
114,William Carr,williamcarr114@gmail.com,2024-03-11,Portugal
115,Stephen Johnston,stephenjohnston115@hotmail.com,2024-05-04,Portugal
116,Kathleen Sanchez,kathleensanchez116@hotmail.com,2025-02-22,Spain
117,Stephanie Dalton,stephaniedalton117@gmail.com,2025-04-22,United States
118,Colleen Brock,colleenbrock118@hotmail.com,2024-03-22,France
119,Amber Wright,amberwright119@gmail.com,2026-02-27,Brazil
120,Robert Contreras,robertcontreras120@hotmail.com,2026-08-16,United States
121,Tiffany Vance,tiffanyvance121@hotmail.com,2025-05-19,Portugal
122,Stephanie Simmons,stephaniesimmons122@hotmail.com,2024-06-05,Spain
123,Christopher Hensley,christopherhensley123@yahoo.com,2024-01-04,Germany
124,David Walsh,davidwalsh124@hotmail.com,2024-06-16,Brazil
125,Mr. Jeremiah Reeves,mrjeremiahreeves125@gmail.com,2025-10-13,Argentina
126,Francisco Fernandez,franciscofernandez126@gmail.com,2026-09-11,Argentina
127,James Hernandez,jameshernandez127@gmail.com,2025-03-21,Spain
128,Jason Daniels,jasondaniels128@yahoo.com,2025-02-08,Argentina
129,Ross Price,rossprice129@hotmail.com,2023-12-24,Portugal
130,Alicia Gilmore,aliciagilmore130@hotmail.com,2025-08-23,United Kingdom
131,Aaron Bell,aaronbell131@yahoo.com,2025-06-27,Brazil
132,Tiffany Barnes,tiffanybarnes132@hotmail.com,2026-05-14,Canada
133,Rebecca Hurst,rebeccahurst133@yahoo.com,2026-05-21,Brazil
134,Jeffrey Johnson,jeffreyjohnson134@yahoo.com,2024-01-13,France
135,Rebecca Ramsey,rebeccaramsey135@yahoo.com,2023-09-24,Portugal
136,Veronica Ferguson,veronicaferguson136@yahoo.com,2026-05-22,France
137,Mary Miller,marymiller137@yahoo.com,2026-04-04,Portugal
138,Joel Williams,joelwilliams138@yahoo.com,2026-04-28,Mexico
139,Jesse Rogers,jesserogers139@yahoo.com,2026-04-29,Germany
140,Trevor Fisher,trevorfisher140@gmail.com,2024-06-11,United States
141,Paul Williams,paulwilliams141@yahoo.com,2025-04-29,Mexico
142,Barry Bernard,barrybernard142@gmail.com,2026-06-26,Mexico
143,Tiffany Gonzalez,tiffanygonzalez143@gmail.com,2026-04-01,Argentina
144,Cynthia Wells,cynthiawells144@gmail.com,2023-10-11,Canada
145,Claudia Lyons,claudialyons145@yahoo.com,2025-03-30,Germany
146,Lawrence Adkins,lawrenceadkins146@gmail.com,2024-12-11,Germany
147,Carla Collins,carlacollins147@hotmail.com,2025-03-21,Argentina
148,Eric Byrd,ericbyrd148@yahoo.com,2025-12-21,United Kingdom
149,Miguel Jones,migueljones149@hotmail.com,2024-02-22,Canada
150,Dana Terry,danaterry150@yahoo.com,2026-04-20,Brazil
151,Lindsay Martinez,lindsaymartinez151@hotmail.com,2024-02-20,Mexico
152,Hannah Patterson,hannahpatterson152@yahoo.com,2026-02-23,United States
153,Matthew Smith,matthewsmith153@yahoo.com,2025-07-06,France
154,Ashley Yu,ashleyyu154@hotmail.com,2025-03-21,Portugal
155,Julia Hernandez,juliahernandez155@gmail.com,2024-10-01,United States
156,Tracie Nelson,tracienelson156@hotmail.com,2025-05-03,Canada
157,Julie Petersen,juliepetersen157@hotmail.com,2025-02-09,Portugal
158,Samuel Rivas,samuelrivas158@gmail.com,2024-04-01,France
159,Jerry Christensen,jerrychristensen159@hotmail.com,2025-01-04,Mexico
160,Jamie Johnson,jamiejohnson160@yahoo.com,2023-09-28,Brazil
161,Daniel Salinas,danielsalinas161@yahoo.com,2025-01-10,United States
162,Kyle Beard,kylebeard162@hotmail.com,2025-12-14,United Kingdom
163,Travis Miller,travismiller163@hotmail.com,2026-01-22,United States
164,Justin Allen,justinallen164@yahoo.com,2025-11-01,United Kingdom
165,Katherine Mcguire,katherinemcguire165@gmail.com,2025-02-15,Mexico
166,Jared Sanchez,jaredsanchez166@hotmail.com,2025-07-11,Canada
167,Kara Schmidt,karaschmidt167@yahoo.com,2025-07-26,United Kingdom
168,Krista Bell MD,kristabellmd168@yahoo.com,2023-11-15,Spain
169,Bryan Lee,bryanlee169@gmail.com,2025-04-19,Brazil
170,Tiffany Vaughn,tiffanyvaughn170@gmail.com,2026-03-10,Argentina
171,John Hardy,johnhardy171@hotmail.com,2025-02-26,Brazil
172,Veronica Wall,veronicawall172@yahoo.com,2026-09-08,Canada
173,Christopher Smith,christophersmith173@hotmail.com,2025-12-22,United Kingdom
174,Angel Brown,angelbrown174@yahoo.com,2025-10-20,Spain
175,Beth Oneill,bethoneill175@yahoo.com,2024-04-23,France
176,Adam Mitchell,adammitchell176@yahoo.com,2026-08-27,United States
177,Cody Williams,codywilliams177@yahoo.com,2026-04-14,Portugal
178,Austin Vasquez,austinvasquez178@hotmail.com,2026-07-04,Canada
179,Amy Hernandez,amyhernandez179@hotmail.com,2025-11-16,Argentina
180,Angela Wright,angelawright180@hotmail.com,2025-12-28,Brazil
181,Lisa Gibbs,lisagibbs181@gmail.com,2024-12-23,Canada
182,Jamie Kerr,jamiekerr182@yahoo.com,2026-06-26,Canada
183,Wanda Torres,wandatorres183@hotmail.com,2025-07-12,Germany
184,Tyler Garcia,tylergarcia184@gmail.com,2026-02-17,Canada
185,Deborah Miller,deborahmiller185@gmail.com,2024-06-05,Mexico
186,Benjamin Smith,benjaminsmith186@yahoo.com,2025-11-03,Germany
187,Julie Johnson,juliejohnson187@yahoo.com,2025-10-18,Portugal
188,Michele Gibson,michelegibson188@hotmail.com,2024-05-24,Brazil
189,Dennis Moody,dennismoody189@hotmail.com,2025-09-13,Canada
190,Taylor Coleman,taylorcoleman190@hotmail.com,2024-05-25,Germany
191,Chase Baker,chasebaker191@gmail.com,2025-03-18,Portugal
192,Christopher Parker,christopherparker192@hotmail.com,2026-02-06,Argentina
193,Tammy Gonzales,tammygonzales193@yahoo.com,2026-06-28,Spain
194,Melissa Bender,melissabender194@hotmail.com,2025-06-17,Germany
195,Jessica George,jessicageorge195@yahoo.com,2024-02-16,Canada
196,Lindsey Johnson,lindseyjohnson196@gmail.com,2024-12-29,Germany
197,Sara Johnston,sarajohnston197@gmail.com,2025-06-16,Brazil
198,Miss Debra Williams PhD,missdebrawilliamsphd198@yahoo.com,2025-08-16,Argentina
199,Jessica Ramirez,jessicaramirez199@hotmail.com,2024-11-12,United Kingdom
200,Robert Costa,robertcosta200@yahoo.com,2026-04-26,United Kingdom
