id,order_id,product_id,quantity,unit_price
1,25,45,2,12.23
2,23,28,3,12.18
3,505,7,5,79.86
4,365,15,2,59.35
5,635,45,5,13.06
6,564,3,1,111.71
7,668,18,5,115.89
8,180,3,2,116.01
9,317,21,1,97.11
10,453,38,2,182.33
11,497,46,4,76.68
12,671,20,2,7.79
13,687,37,4,95.52
14,524,35,3,143.06
15,196,48,2,14.86
16,200,45,1,13.12
17,489,23,1,29.33
18,419,15,1,54.28
19,470,50,5,81.93
20,763,26,3,66.02
21,201,18,4,114.53
22,474,23,5,33.62
23,629,28,2,12.4
24,698,43,4,85.32
25,680,40,3,28.81
26,83,46,1,66.84
27,540,10,4,19.62
28,229,41,2,1029.78
29,591,21,3,84.58
30,447,1,3,895.78
31,417,49,3,840.88
32,668,6,2,188.64
33,792,36,5,34.03
34,430,7,1,69.8
35,234,36,1,34.49
36,428,21,4,83.2
37,168,27,4,44.64
38,251,47,5,13.4
39,293,16,5,26.14
40,497,44,4,20.18
41,392,18,3,110.4
42,293,10,1,17.95
43,411,18,4,110.98
44,664,5,3,79.62
45,51,16,4,26.44
46,471,13,4,6.97
47,180,20,1,8.28
48,210,22,5,192.7
49,266,22,4,191.26
50,441,42,5,20.44
51,535,21,5,96.9
52,550,13,4,7.22
53,503,26,3,69.06
54,447,45,4,14.11
55,183,16,3,25.52
56,385,26,3,67.0
57,223,37,2,94.24
58,407,35,2,150.1
59,109,36,1,36.45
60,182,30,2,169.49
61,299,19,1,316.84
62,649,27,4,40.21
63,733,20,2,7.41
64,475,10,4,19.86
65,389,5,4,89.56
66,252,31,5,66.99
67,259,33,4,770.88
68,95,24,5,8.88
69,216,6,1,199.09
70,1,43,3,86.52
71,7,40,1,27.76
72,10,42,4,23.36
73,741,22,4,183.97
74,320,7,3,71.41
75,560,48,5,14.32
76,707,45,5,12.52
77,766,24,4,8.7
78,482,44,5,21.98
79,292,10,3,20.5
80,363,31,1,65.83
81,610,6,1,201.02
82,42,47,2,12.26
83,22,22,4,205.58
84,672,34,4,175.96
85,254,7,4,77.47
86,296,29,3,88.12
87,761,3,1,100.07
88,20,22,1,202.17
89,529,11,2,88.35
90,88,36,2,33.03
91,432,28,4,11.53
92,504,26,2,67.84
93,769,43,4,89.92
94,182,48,5,15.07
95,482,29,5,93.69
96,583,1,2,860.76
97,624,49,1,910.13
98,794,35,2,142.63
99,312,13,4,6.98
100,441,43,4,91.88
101,339,41,3,1006.85
102,225,40,4,27.87
103,781,23,3,33.13
104,562,40,2,28.88
105,545,46,3,76.56
106,101,38,1,180.06
107,258,21,1,86.51
108,541,8,2,5.59
109,669,10,5,18.63
110,279,39,2,73.26
111,544,28,2,12.03
112,691,35,2,147.11
113,588,32,3,32.25
114,418,21,4,92.09
115,474,23,1,31.3
116,789,13,4,8.01
117,670,33,4,754.19
118,342,32,4,35.42
119,268,29,4,89.66
120,41,37,1,97.31
121,308,15,3,51.5
122,338,15,5,53.81
123,263,50,4,77.12
124,751,50,4,76.92
125,350,8,5,5.35
126,644,50,5,80.3
127,288,24,5,9.21
128,401,3,4,109.28
129,701,28,1,12.51
130,6,42,2,21.01
131,651,3,4,104.29
132,350,6,4,202.07
133,120,8,2,5.44
134,332,48,5,14.62
135,73,46,5,73.24
136,547,11,5,82.97
137,184,14,2,65.69
138,124,37,3,93.34
139,422,39,5,68.49
140,142,46,3,69.25
141,123,18,5,123.74
142,755,44,1,20.06
143,503,49,4,959.9
144,274,18,2,118.46
145,400,9,2,577.04
146,347,21,2,94.18
147,86,44,4,21.28
148,694,37,3,94.78
149,231,25,4,1238.55
150,96,50,1,75.1
151,524,48,3,14.64
152,762,24,4,9.39
153,752,21,5,83.06
154,162,50,1,79.16
155,29,30,3,180.92
156,276,35,4,139.14
157,392,28,2,12.04
158,61,21,3,87.97
159,283,37,2,93.85
160,14,32,3,36.44
161,406,49,1,832.68
162,344,41,4,913.5
163,437,11,4,87.5
164,422,28,2,13.02
165,38,9,3,578.3
166,21,18,1,117.58
167,402,17,1,334.81
168,561,42,2,20.14
169,585,41,3,1027.58
170,143,49,2,888.54
171,251,6,1,175.34
172,689,31,1,64.03
173,35,15,5,57.35
174,136,1,1,932.55
175,444,8,4,5.89
176,450,31,1,65.1
177,501,6,1,178.5
178,609,24,3,8.24
179,611,50,2,78.06
180,498,44,2,19.83
181,113,37,1,94.51
182,346,11,4,86.0
183,261,14,2,66.85
184,115,40,4,29.09
185,129,6,1,179.64
186,715,8,5,5.92
187,48,23,4,30.43
188,115,9,2,590.02
189,657,6,2,192.42
190,452,39,5,69.86
191,105,45,1,13.86
192,554,43,3,87.1
193,348,39,5,68.73
194,21,26,3,73.17
195,111,16,4,25.57
196,282,16,4,26.63
197,737,5,5,88.19
198,798,1,3,967.48
199,296,9,4,647.97
200,516,37,4,90.83
201,547,44,2,22.23
202,726,50,1,70.32
203,749,5,1,79.76
204,430,3,1,116.36
205,161,26,5,69.0
206,574,46,5,74.8
207,367,28,4,11.24
208,627,35,5,148.55
209,433,18,1,111.17
210,130,33,2,824.34
211,599,10,5,18.44
212,619,38,1,169.78
213,259,28,2,11.19
214,784,6,4,178.89
215,203,40,5,25.5
216,3,43,2,85.82
217,37,46,2,74.04
218,335,11,4,94.6
219,339,34,5,188.68
220,83,47,3,11.89
221,608,9,3,635.28
222,52,8,1,5.55
223,48,28,3,12.1
224,527,17,5,348.99
225,330,32,4,34.31
226,769,4,4,19.2
227,70,11,3,83.23
228,390,50,1,81.18
229,730,44,1,20.38
230,438,33,1,708.87
231,733,1,2,837.33
232,590,24,4,9.35
233,797,12,1,31.98
234,15,46,4,68.49
235,89,16,4,27.8
236,634,21,3,95.12
237,49,37,3,87.12
238,56,44,1,20.21
239,81,34,1,193.69
240,52,5,4,87.89
241,364,50,3,74.17
242,212,36,4,31.25
243,273,13,3,7.52
244,190,20,5,7.39
245,322,24,5,9.42
246,335,50,2,79.18
247,259,35,2,137.55
248,615,27,1,40.86
249,570,23,1,33.67
250,454,1,4,955.04
251,644,47,3,11.76
252,647,34,2,178.06
253,284,4,2,18.76
254,26,6,1,203.8
255,757,34,4,186.28
256,612,24,4,9.42
257,124,6,5,178.26
258,744,9,4,569.95
259,215,37,1,91.87
260,481,9,2,591.48
261,506,21,4,93.29
262,97,48,3,13.77
263,579,18,2,106.8
264,80,13,2,7.78
265,345,38,1,165.38
266,167,11,4,87.64
267,553,27,1,42.96
268,118,50,2,75.71
269,682,30,3,180.98
270,218,6,2,200.29
271,773,20,5,7.14
272,467,21,2,84.36
273,552,16,3,25.61
274,304,4,3,17.43
275,130,12,1,34.03
276,66,29,5,98.59
277,603,16,1,25.89
278,72,9,1,563.71
279,213,50,2,71.73
280,92,26,3,73.63
281,575,42,1,22.01
282,106,17,1,315.4
283,552,5,2,88.38
284,277,29,2,88.5
285,628,22,1,181.95
286,193,30,1,161.98
287,406,37,4,97.7
288,604,26,4,66.02
289,645,44,4,20.19
290,538,14,2,60.3
291,740,29,2,87.62
292,70,40,5,26.35
293,609,19,4,296.95
294,210,36,4,31.54
295,575,18,4,107.96
296,738,13,5,7.14
297,598,35,1,157.38
298,740,46,3,71.46
299,457,32,3,36.54
300,245,33,3,751.61
301,749,12,1,30.78
302,171,15,1,59.3
303,683,50,3,70.84
304,674,31,5,66.52
305,166,38,2,188.63
306,471,7,2,76.68
307,431,18,5,120.59
308,2,48,1,14.8
309,283,15,5,58.85
310,434,25,3,1423.98
311,12,12,2,30.35
312,424,21,3,96.41
313,237,2,3,19.48
314,84,37,2,93.8
315,678,13,4,7.5
316,106,12,4,29.33
317,254,4,2,18.44
318,556,2,5,18.09
319,225,22,5,187.01
320,28,9,3,633.69
321,409,21,1,83.34
322,78,38,2,182.96
323,286,34,3,193.88
324,122,24,4,8.87
325,550,22,3,190.87
326,778,11,4,92.3
327,22,32,3,32.44
328,697,36,5,35.54
329,222,15,5,58.56
330,227,25,3,1380.58
331,47,19,2,285.51
332,482,1,5,887.99
333,12,50,5,70.52
334,470,39,3,77.32
335,275,40,2,28.1
336,534,7,4,70.42
337,30,48,1,13.59
338,191,21,2,92.34
339,322,6,3,189.12
340,382,17,2,328.03
341,434,5,3,79.69
342,520,7,1,69.3
343,315,29,4,101.99
344,491,27,4,45.35
345,551,23,5,30.74
346,760,31,5,69.76
347,789,44,2,20.15
348,485,5,1,80.2
349,554,21,3,96.96
350,504,5,3,78.53
351,292,25,2,1380.15
352,638,36,1,33.06
353,130,40,4,28.39
354,276,28,2,12.26
355,734,28,2,11.18
356,256,22,2,211.64
357,204,27,5,44.24
358,345,47,5,12.09
359,531,19,3,288.43
360,558,4,4,18.35
361,664,32,2,31.78
362,519,1,4,843.44
363,485,43,5,91.17
364,741,7,1,71.22
365,114,41,3,1067.94
366,315,31,1,65.97
367,189,26,4,71.35
368,28,43,3,85.4
369,414,35,4,138.36
370,705,25,3,1262.51
371,742,3,3,107.41
372,686,17,2,360.61
373,361,37,1,87.6
374,280,45,1,12.24
375,636,23,5,30.94
376,770,49,5,859.14
377,314,4,4,19.08
378,110,27,5,44.0
379,104,31,5,72.3
380,61,31,3,63.44
381,615,46,1,71.72
382,245,34,5,185.6
383,82,40,2,25.79
384,379,49,4,851.18
385,395,11,2,92.53
386,728,9,1,604.55
387,399,44,4,20.29
388,306,41,2,1044.96
389,477,17,3,364.69
390,473,5,1,81.46
391,94,26,5,69.46
392,67,18,5,113.93
393,684,1,5,916.72
394,137,27,1,42.11
395,591,10,5,19.24
396,229,49,1,960.8
397,653,37,1,97.15
398,549,35,3,154.74
399,411,17,4,350.5
400,568,37,5,92.45
401,271,12,3,31.21
402,780,40,5,28.29
403,119,26,1,70.27
404,72,22,2,182.16
405,56,31,3,72.47
406,306,2,3,19.09
407,343,20,3,7.44
408,226,32,1,36.88
409,247,15,2,53.92
410,690,48,4,14.82
411,264,21,3,93.7
412,302,39,1,68.72
413,52,14,4,65.03
414,250,49,5,952.38
415,645,4,5,19.0
416,535,5,3,85.78
417,440,26,2,74.73
418,596,34,5,166.62
419,249,13,2,7.85
420,22,16,1,25.86
421,436,24,2,8.43
422,533,30,5,168.34
423,267,8,1,5.47
424,594,32,5,33.95
425,8,31,5,68.66
426,459,23,2,33.09
427,583,17,1,330.0
428,715,25,1,1257.4
429,674,37,2,98.23
430,713,42,2,22.34
431,9,18,4,114.96
432,64,50,1,75.98
433,389,9,2,622.2
434,479,1,2,867.59
435,415,20,3,7.62
436,99,25,3,1321.27
437,501,14,4,60.58
438,240,34,5,177.39
439,737,7,1,74.92
440,228,43,3,92.38
441,552,39,5,69.83
442,431,44,1,21.26
443,234,22,3,201.01
444,519,18,3,117.61
445,433,42,3,20.62
446,71,34,2,192.1
447,146,39,4,74.27
448,256,44,2,22.09
449,112,42,4,23.47
450,772,17,4,336.63
451,774,48,1,14.38
452,611,37,2,90.49
453,5,46,2,73.86
454,555,41,4,1056.6
455,58,43,3,91.57
456,149,11,5,83.57
457,447,7,4,70.27
458,66,17,5,356.49
459,465,12,3,32.5
460,33,15,3,53.22
461,10,20,4,8.07
462,254,22,3,188.89
463,349,19,4,318.41
464,19,31,1,72.13
465,498,38,5,187.79
466,31,5,4,88.2
467,574,33,1,811.08
468,214,25,5,1286.62
469,45,4,2,17.07
470,271,13,3,7.34
471,575,37,4,87.48
472,692,46,2,74.94
473,466,32,3,34.98
474,379,12,3,32.4
475,225,1,4,870.69
476,119,49,2,909.98
477,683,11,4,92.2
478,339,50,1,71.72
479,46,28,4,11.86
480,556,31,4,62.62
481,603,35,2,151.26
482,399,1,3,941.53
483,472,34,2,166.3
484,446,1,2,863.76
485,427,23,3,29.49
486,625,25,5,1349.24
487,388,11,1,92.75
488,103,20,3,7.66
489,334,34,5,181.11
490,245,28,2,11.75
491,244,32,3,35.64
492,450,11,4,81.25
493,313,15,2,53.11
494,678,2,5,18.17
495,335,8,3,5.9
496,569,3,4,115.09
497,13,17,5,348.74
498,715,39,1,74.28
499,188,42,1,20.13
500,53,8,4,5.66
501,3,8,5,5.48
502,71,45,2,12.49
503,395,44,1,20.63
504,713,43,1,93.87
505,73,18,5,116.67
506,315,9,4,644.98
507,368,7,5,77.43
508,170,8,3,5.35
509,251,7,4,71.12
510,422,13,3,7.85
511,204,13,3,7.69
512,157,19,2,278.75
513,232,32,2,35.3
514,426,31,3,65.16
515,579,1,1,963.52
516,621,37,4,87.57
517,112,6,5,177.63
518,616,47,1,13.4
519,279,42,2,21.57
520,71,19,3,299.51
521,581,7,2,79.31
522,544,19,3,315.99
523,373,21,4,93.84
524,263,7,1,68.83
525,453,9,2,595.15
526,776,29,5,91.21
527,231,47,1,12.31
528,536,22,2,184.22
529,642,26,4,68.83
530,691,25,4,1394.8
531,150,42,2,20.36
532,764,45,1,14.14
533,172,11,1,86.92
534,638,38,4,183.75
535,460,44,4,20.22
536,226,25,3,1354.13
537,462,44,2,21.26
538,784,32,1,36.41
539,646,29,1,88.06
540,598,42,3,20.0
541,370,44,5,22.25
542,562,37,5,88.7
543,101,43,3,91.75
544,724,45,5,12.26
545,777,43,2,91.2
546,306,43,4,86.25
547,167,36,5,31.5
548,253,42,2,21.74
549,197,31,4,72.17
550,170,5,4,80.55
551,160,22,3,182.2
552,134,15,5,57.02
553,351,26,2,66.59
554,600,29,5,93.98
555,471,32,4,33.23
556,178,32,1,32.05
557,217,27,1,43.1
558,310,1,1,946.65
559,666,40,3,29.22
560,272,36,2,34.81
561,265,30,3,167.41
562,217,4,2,19.15
563,353,22,5,205.05
564,142,39,4,74.92
565,534,24,4,8.2
566,662,49,2,826.3
567,625,23,3,31.62
568,607,24,1,8.11
569,714,11,4,82.99
570,423,46,4,67.13
571,156,40,2,26.09
572,659,26,2,70.98
573,364,13,3,6.97
574,696,27,1,45.66
575,237,44,5,20.02
576,521,29,4,97.21
577,181,33,2,823.04
578,478,1,5,938.51
579,323,36,4,35.82
580,447,31,5,71.19
581,30,12,5,30.03
582,714,9,1,600.98
583,626,39,5,76.87
584,492,33,4,755.37
585,647,39,2,69.72
586,37,22,3,195.02
587,241,9,2,603.49
588,300,45,5,12.69
589,28,45,5,13.88
590,135,46,5,73.24
591,752,13,2,7.6
592,657,19,3,321.83
593,477,9,2,612.54
594,518,45,3,13.56
595,18,49,3,907.94
596,577,38,5,187.74
597,468,46,4,73.72
598,577,35,3,154.73
599,502,28,1,12.1
600,546,2,4,17.11
601,712,43,1,87.01
602,680,49,2,969.34
603,566,44,3,20.1
604,553,4,3,17.27
605,775,35,1,142.47
606,675,29,1,96.56
607,701,44,5,22.58
608,685,48,5,13.93
609,144,33,3,789.41
610,679,4,4,17.81
611,153,44,3,22.93
612,186,4,1,18.86
613,775,13,5,7.89
614,41,29,2,101.1
615,342,46,3,74.66
616,719,35,5,138.63
617,40,47,2,12.15
618,153,12,1,30.1
619,153,12,5,29.75
620,16,3,4,104.58
621,157,17,2,323.12
622,522,17,1,332.52
623,546,46,2,66.35
624,584,21,5,83.76
625,634,41,5,1046.42
626,650,20,4,8.08
627,572,36,3,31.6
628,530,46,3,71.99
629,383,12,5,29.49
630,404,33,2,755.03
631,753,35,4,136.16
632,229,15,2,57.2
633,122,22,3,189.95
634,626,49,5,903.31
635,290,36,1,31.84
636,105,23,4,30.05
637,462,42,5,23.19
638,734,16,1,26.82
639,301,21,4,96.44
640,235,8,4,5.48
641,583,47,3,11.6
642,567,34,3,180.82
643,419,33,4,763.83
644,443,19,2,292.48
645,703,6,1,180.48
646,78,50,5,76.71
647,599,41,1,944.77
648,411,41,2,1049.92
649,599,28,1,11.48
650,290,45,4,13.43
651,413,5,2,76.56
652,375,46,3,66.32
653,725,5,1,78.63
654,75,17,5,318.1
655,136,15,3,54.89
656,111,29,4,93.75
657,9,2,4,18.67
658,550,35,1,149.15
659,371,40,1,28.62
660,482,38,1,180.87
661,706,5,3,88.72
662,507,7,3,78.26
663,43,20,5,7.2
664,692,49,4,881.57
665,50,43,1,91.08
666,552,35,2,137.21
667,285,26,5,69.1
668,221,41,2,958.8
669,247,47,3,13.5
670,750,1,5,958.81
671,518,10,1,17.56
672,403,37,5,91.26
673,462,36,1,32.88
674,24,48,3,13.53
675,284,42,5,20.46
676,241,12,2,32.31
677,84,17,2,320.55
678,670,43,5,96.69
679,166,49,5,893.21
680,511,36,1,32.8
681,432,5,3,77.56
682,410,47,5,12.54
683,710,22,3,184.68
684,592,42,2,20.31
685,487,40,1,29.26
686,417,21,4,89.62
687,255,40,3,28.34
688,429,10,5,19.18
689,631,21,4,85.49
690,59,21,2,94.53
691,782,46,4,69.1
692,621,24,2,9.01
693,100,22,4,195.34
694,145,23,3,31.31
695,407,7,2,76.54
696,600,6,3,201.87
697,719,9,5,582.02
698,566,47,1,13.03
699,799,2,5,18.55
700,248,38,5,172.47
701,788,38,2,186.71
702,109,36,3,34.2
703,394,35,4,149.45
704,266,10,3,18.64
705,460,50,5,79.19
706,134,19,2,299.53
707,610,33,1,752.65
708,272,33,1,785.66
709,327,40,2,28.63
710,321,9,4,578.33
711,111,37,5,95.25
712,622,10,4,20.32
713,538,3,2,113.06
714,209,15,1,53.59
715,436,15,1,57.25
716,8,34,3,177.13
717,426,30,1,158.43
718,162,42,3,20.32
719,391,34,3,190.2
720,62,17,5,344.38
721,706,12,4,32.5
722,75,24,5,8.97
723,465,5,5,79.62
724,449,15,5,54.87
725,789,23,4,32.87
726,702,39,1,72.4
727,344,9,4,578.96
728,495,5,5,84.89
729,53,14,2,59.41
730,115,24,5,9.06
731,7,8,2,5.63
732,66,22,1,195.94
733,643,31,4,64.89
734,467,11,4,81.3
735,68,3,2,109.76
736,143,11,2,89.98
737,610,3,5,102.25
738,427,11,3,94.16
739,586,34,4,183.31
740,216,37,1,98.55
741,667,47,3,13.48
742,272,14,4,63.67
743,686,31,4,64.45
744,359,27,5,40.23
745,47,38,2,178.67
746,84,33,3,724.22
747,30,44,3,22.78
748,708,39,5,67.32
749,55,25,4,1250.78
750,346,2,2,18.22
751,76,33,4,806.0
752,738,39,1,68.59
753,527,40,5,25.43
754,675,35,5,151.78
755,580,6,4,195.7
756,251,39,5,76.23
757,595,50,4,76.58
758,607,24,1,9.03
759,553,28,2,12.91
760,657,31,4,66.44
761,790,48,5,13.26
762,96,9,3,609.89
763,556,15,1,53.76
764,596,35,4,140.08
765,311,1,1,915.31
766,312,8,5,5.25
767,760,42,2,22.38
768,479,21,4,88.33
769,678,10,4,19.44
770,651,17,3,361.6
771,292,28,5,11.79
772,257,18,4,119.45
773,462,27,5,44.67
774,128,31,2,66.66
775,195,36,4,32.6
776,355,20,5,7.52
777,231,46,4,74.44
778,349,43,1,95.14
779,331,29,2,88.63
780,163,33,4,800.98
781,169,36,5,35.04
782,161,46,1,67.75
783,597,41,1,1040.18
784,239,10,4,20.28
785,781,28,1,11.2
786,57,15,3,51.93
787,515,3,4,116.04
788,444,26,5,73.28
789,720,19,5,279.64
790,787,50,2,78.04
791,787,29,1,90.19
792,602,43,5,88.29
793,656,3,5,108.65
794,224,45,2,13.36
795,132,44,1,20.84
796,353,42,1,23.39
797,530,6,3,199.42
798,83,23,4,30.89
799,56,13,5,6.86
800,159,46,1,76.57
801,282,36,3,35.2
802,658,36,5,33.12
803,679,18,2,116.69
804,235,13,4,7.97
805,33,37,1,89.25
806,189,27,5,39.98
807,420,5,5,80.2
808,307,8,5,6.13
809,153,35,5,139.9
810,539,29,4,95.75
811,779,50,2,79.49
812,737,50,4,78.55
813,273,38,1,174.66
814,227,17,1,335.41
815,453,15,2,58.43
816,336,27,3,42.82
817,731,1,3,866.98
818,161,6,4,196.15
819,133,22,1,198.26
820,565,12,4,30.75
821,766,14,5,60.24
822,378,48,2,14.19
823,287,13,2,7.73
824,361,17,2,326.9
825,71,16,5,25.44
826,769,50,1,71.6
827,506,6,4,194.29
828,390,49,5,965.62
829,243,31,3,69.42
830,257,32,5,36.3
831,413,32,2,36.94
832,771,33,3,752.79
833,797,49,5,844.67
834,230,34,4,179.77
835,324,35,1,145.87
836,656,26,2,70.98
837,559,8,5,5.67
838,179,45,1,12.08
839,654,14,4,63.41
840,622,21,3,92.0
841,747,17,2,344.61
842,729,16,3,25.93
843,374,40,3,26.88
844,686,32,4,32.64
845,298,45,3,12.83
846,556,26,3,70.9
847,628,37,2,100.07
848,67,44,2,22.41
849,727,47,3,13.19
850,760,36,4,35.92
851,498,13,2,7.81
852,328,48,2,14.13
853,590,1,2,892.38
854,507,9,5,615.53
855,414,21,4,87.42
856,456,36,5,31.47
857,731,7,2,69.44
858,177,17,4,360.71
859,124,7,4,77.74
860,566,17,3,334.17
861,785,36,3,33.1
862,126,27,1,41.68
863,246,44,5,20.28
864,503,37,5,87.95
865,711,50,3,74.51
866,706,44,5,21.28
867,627,48,4,15.09
868,220,25,5,1284.07
869,568,41,2,1050.45
870,562,41,3,978.69
871,602,40,5,27.06
872,84,5,1,78.42
873,754,15,3,54.07
874,121,19,3,306.4
875,576,26,3,75.97
876,397,50,3,79.37
877,531,34,4,177.89
878,512,12,1,29.78
879,487,16,3,27.91
880,169,45,1,12.5
881,27,26,1,66.79
882,761,31,5,63.16
883,679,50,4,76.6
884,286,6,1,183.42
885,281,10,1,19.45
886,322,25,3,1271.74
887,614,48,3,14.06
888,564,9,2,614.81
889,536,11,1,81.48
890,226,23,3,33.23
891,97,30,5,183.27
892,100,36,4,31.95
893,18,45,5,12.43
894,753,39,4,73.92
895,381,41,5,980.81
896,380,41,5,960.66
897,108,23,4,31.58
898,594,6,4,184.83
899,271,27,3,40.32
900,620,1,1,907.3
901,206,49,2,876.1
902,569,31,5,62.66
903,393,32,4,33.14
904,416,50,4,79.99
905,376,39,2,75.86
906,661,36,3,32.24
907,798,36,4,33.38
908,242,11,4,92.82
909,777,15,3,51.92
910,224,41,2,993.93
911,36,40,3,26.52
912,333,48,5,14.9
913,655,27,2,45.16
914,705,12,2,30.63
915,623,41,4,1010.18
916,72,18,5,114.56
917,147,21,1,85.25
918,62,35,1,138.38
919,164,7,3,71.98
920,611,46,4,74.34
921,466,15,1,52.57
922,622,32,2,33.37
923,526,20,4,8.34
924,373,30,1,166.49
925,416,49,2,834.15
926,504,50,4,71.0
927,688,31,2,64.69
928,205,17,4,360.12
929,59,8,2,5.6
930,790,29,2,98.43
931,655,3,2,107.78
932,454,50,1,76.56
933,446,14,4,61.46
934,630,20,3,7.29
935,362,47,1,13.07
936,575,36,5,31.88
937,700,31,3,64.76
938,567,4,2,19.53
939,399,16,4,25.31
940,458,11,3,89.34
941,477,26,2,65.78
942,434,3,5,113.45
943,774,31,5,64.28
944,171,50,1,73.19
945,437,32,1,35.29
946,607,22,1,182.5
947,792,42,2,22.43
948,457,7,2,74.63
949,417,21,5,94.57
950,309,49,3,943.39
951,677,29,2,87.42
952,336,25,3,1378.51
953,82,17,1,341.1
954,291,29,5,91.62
955,664,45,4,12.46
956,77,12,5,30.93
957,286,47,4,12.11
958,138,39,5,68.39
959,160,34,2,178.92
960,244,17,5,334.55
961,309,1,5,886.15
962,519,12,1,32.32
963,415,24,5,8.38
964,745,47,1,12.89
965,181,35,4,138.47
966,466,44,4,22.24
967,622,10,5,18.3
968,532,27,3,40.01
969,152,34,1,167.06
970,94,9,2,649.23
971,270,13,1,7.43
972,510,7,1,75.64
973,709,25,4,1335.68
974,509,45,5,12.6
975,312,24,2,8.9
976,348,5,1,88.75
977,396,14,4,66.93
978,275,6,4,200.08
979,451,4,3,18.31
980,762,27,3,44.75
981,410,4,5,17.45
982,473,3,1,114.35
983,448,5,2,89.16
984,377,7,1,77.51
985,96,35,4,138.47
986,128,34,2,182.45
987,27,12,5,32.99
988,195,27,1,44.55
989,198,37,3,95.48
990,215,45,4,13.93
991,49,11,2,88.84
992,383,33,3,785.02
993,310,35,5,144.46
994,366,23,3,31.63
995,293,21,3,89.06
996,196,41,4,1043.69
997,663,21,5,86.55
998,594,35,2,142.85
999,88,36,3,33.19
1000,425,29,4,101.84
1001,485,1,1,974.67
1002,557,39,1,72.59
1003,285,20,1,7.46
1004,250,15,2,58.94
1005,528,2,3,19.39
1006,515,33,5,774.24
1007,611,37,2,86.74
1008,361,30,3,161.65
1009,159,17,3,363.52
1010,680,16,2,25.02
1011,782,20,1,7.8
1012,316,37,2,96.38
1013,247,47,3,13.17
1014,207,12,4,33.38
1015,301,45,5,13.8
1016,415,7,5,76.5
1017,469,3,5,106.38
1018,739,50,1,81.52
1019,795,22,3,208.63
1020,431,28,4,12.89
1021,65,8,2,5.94
1022,636,39,1,73.95
1023,430,41,4,919.59
1024,374,34,1,175.12
1025,785,37,2,90.24
1026,643,45,2,12.38
1027,779,44,4,22.95
1028,380,49,5,909.83
1029,187,6,2,188.67
1030,91,26,2,67.21
1031,274,6,4,192.98
1032,146,4,5,17.84
1033,768,6,4,190.83
1034,197,50,2,79.55
1035,296,31,5,64.76
1036,124,26,5,67.95
1037,732,40,5,26.35
1038,725,5,3,86.69
1039,520,21,5,84.33
1040,765,43,4,90.33
1041,793,23,2,30.46
1042,499,39,1,75.55
1043,258,11,3,89.79
1044,800,29,5,89.33
1045,42,3,2,103.18
1046,463,24,2,9.12
1047,59,6,1,198.18
1048,139,16,5,27.85
1049,739,19,1,293.6
1050,176,8,3,5.66
1051,384,2,3,17.3
1052,271,35,2,138.8
1053,493,34,3,181.83
1054,723,40,2,28.35
1055,4,43,1,89.63
1056,685,43,5,84.69
1057,597,11,1,85.04
1058,295,45,5,12.63
1059,496,30,1,159.17
1060,236,43,3,93.88
1061,34,43,3,96.87
1062,132,2,3,19.24
1063,498,42,4,20.77
1064,129,25,5,1432.92
1065,765,7,3,74.59
1066,442,39,5,67.55
1067,489,13,5,8.01
1068,98,36,1,31.42
1069,250,34,3,175.53
1070,617,26,2,65.89
1071,707,44,3,20.82
1072,591,20,2,8.33
1073,451,33,3,804.18
1074,488,41,3,1052.13
1075,307,2,5,19.48
1076,445,15,2,54.29
1077,76,26,2,66.7
1078,476,25,5,1429.46
1079,163,40,2,27.11
1080,11,37,2,91.74
1081,155,20,5,7.5
1082,3,35,2,138.87
1083,285,9,5,616.26
1084,782,13,2,7.22
1085,119,46,5,76.46
1086,79,28,2,12.36
1087,531,37,2,90.1
1088,723,36,5,36.43
1089,687,8,2,5.54
1090,780,10,1,19.79
1091,653,27,4,41.35
1092,58,48,3,13.39
1093,330,13,1,7.0
1094,15,2,5,18.5
1095,195,39,5,73.7
1096,609,39,2,69.22
1097,483,2,3,16.92
1098,766,50,4,71.78
1099,246,39,4,74.87
1100,759,24,2,9.25
1101,110,32,4,32.24
1102,285,13,2,6.88
1103,55,49,1,960.87
1104,78,27,2,44.39
1105,672,13,2,6.92
1106,455,29,5,94.62
1107,639,21,4,96.02
1108,176,28,4,12.59
1109,302,39,4,74.97
1110,83,26,5,76.56
1111,736,37,5,93.4
1112,502,42,1,21.79
1113,329,29,4,99.8
1114,172,3,2,108.79
1115,86,26,1,72.14
1116,256,34,1,171.33
1117,603,29,4,100.68
1118,345,50,3,75.82
1119,797,28,3,12.27
1120,513,4,5,19.33
1121,107,30,4,159.83
1122,378,33,1,725.72
1123,284,38,5,164.81
1124,409,27,3,42.37
1125,332,12,4,32.17
1126,550,46,2,76.14
1127,249,6,3,185.33
1128,541,42,2,22.49
1129,783,8,1,5.35
1130,578,29,3,88.4
1131,641,46,4,74.33
1132,447,33,5,821.29
1133,754,25,5,1304.36
1134,232,50,2,81.4
1135,518,37,2,87.76
1136,634,10,2,19.8
1137,604,4,4,17.57
1138,56,47,4,12.14
1139,480,12,1,33.76
1140,284,13,1,7.59
1141,584,17,1,339.62
1142,787,32,5,35.96
1143,487,39,4,69.3
1144,747,38,4,173.85
1145,686,29,1,96.33
1146,720,1,2,959.9
1147,551,18,5,117.1
1148,340,14,1,59.39
1149,371,4,3,16.78
1150,333,3,5,114.41
1151,651,20,3,8.24
1152,341,4,1,17.89
1153,2,12,2,32.59
1154,690,40,5,27.8
1155,571,36,2,36.52
1156,253,48,5,13.87
1157,195,3,1,113.19
1158,216,21,3,96.17
1159,208,5,4,87.58
1160,783,5,3,82.57
1161,159,8,3,5.55
1162,318,27,5,40.7
1163,286,14,5,58.1
1164,1,37,5,100.19
1165,394,31,5,72.88
1166,157,46,3,70.85
1167,700,21,3,90.72
1168,439,40,3,29.39
1169,131,40,5,27.47
1170,103,47,4,12.56
1171,439,12,5,30.33
1172,38,19,2,276.91
1173,703,2,4,18.53
1174,688,8,2,5.98
1175,197,27,4,39.56
1176,192,23,5,32.93
1177,591,14,1,64.01
1178,262,45,3,12.59
1179,645,5,3,80.28
1180,772,36,3,35.43
1181,753,8,3,5.56
1182,635,47,5,12.81
1183,533,2,2,17.26
1184,359,22,4,209.79
1185,26,3,2,108.14
1186,289,41,4,1054.28
1187,717,35,3,144.92
1188,290,27,1,45.03
1189,167,20,5,8.0
1190,156,21,5,90.87
1191,308,14,5,64.47
1192,517,23,1,33.77
1193,582,18,1,111.72
1194,792,25,5,1403.97
1195,570,37,5,91.19
1196,194,39,1,76.66
1197,770,49,3,928.78
1198,517,21,1,87.0
1199,686,6,4,202.44
1200,2,24,4,9.22
1201,693,20,2,7.75
1202,164,12,1,31.06
1203,794,3,2,115.74
1204,717,29,5,87.47
1205,26,31,5,64.27
1206,746,22,4,203.93
1207,326,34,3,188.46
1208,286,10,1,19.96
1209,41,34,2,171.78
1210,168,3,4,106.49
1211,547,34,1,165.9
1212,508,3,5,115.01
1213,275,22,4,208.93
1214,354,7,5,78.0
1215,553,48,3,13.09
1216,173,49,3,919.1
1217,704,14,3,59.55
1218,212,19,3,302.83
1219,218,50,4,78.42
1220,127,18,2,108.34
1221,309,8,1,6.13
1222,563,36,5,31.77
1223,349,35,3,146.97
1224,659,18,2,122.95
1225,386,19,5,288.79
1226,70,5,3,84.49
1227,323,22,5,194.73
1228,85,9,1,609.25
1229,618,44,1,19.96
1230,268,4,1,17.92
1231,774,12,5,33.72
1232,704,41,4,1009.95
1233,731,20,3,8.11
1234,71,46,5,66.8
1235,643,49,4,908.74
1236,158,6,4,178.31
1237,588,20,4,7.68
1238,756,15,2,58.98
1239,117,40,3,29.32
1240,78,26,2,73.79
1241,66,43,3,95.75
1242,419,21,4,90.16
1243,286,5,4,77.76
1244,339,31,4,71.91
1245,219,19,3,306.36
1246,754,9,5,572.74
1247,116,46,1,69.67
1248,219,42,1,22.75
1249,417,35,4,143.46
1250,621,27,2,43.54
1251,742,36,2,36.57
1252,480,25,1,1295.76
1253,140,45,5,12.97
1254,474,28,5,12.61
1255,310,35,2,138.08
1256,648,43,1,95.01
1257,662,46,5,75.61
1258,225,8,5,5.8
1259,581,21,5,84.45
1260,496,29,2,91.83
1261,63,26,1,72.61
1262,118,44,5,22.26
1263,60,25,3,1328.88
1264,363,43,1,85.39
1265,356,9,5,652.19
1266,314,41,1,1032.58
1267,107,43,2,90.77
1268,356,19,4,306.9
1269,405,29,2,90.25
1270,525,21,3,91.37
1271,300,44,3,22.77
1272,211,28,3,13.01
1273,349,38,1,178.33
1274,400,33,4,808.62
1275,720,19,1,294.87
1276,716,36,1,31.21
1277,398,36,3,31.81
1278,449,19,1,288.32
1279,411,45,5,12.89
1280,112,21,4,88.97
1281,530,28,5,11.49
1282,157,12,4,29.85
1283,345,36,4,35.85
1284,683,24,4,8.26
1285,241,43,2,86.04
1286,714,5,1,78.17
1287,636,32,4,36.89
1288,501,9,1,576.14
1289,329,27,4,45.43
1290,220,45,5,14.03
1291,685,40,2,27.28
1292,637,28,5,12.68
1293,74,25,3,1270.96
1294,447,28,5,11.09
1295,217,32,2,35.43
1296,651,18,4,122.64
1297,181,37,3,85.83
1298,142,3,5,108.17
1299,225,24,1,8.86
1300,46,45,1,12.36
1301,352,47,5,13.56
1302,544,49,3,893.75
1303,43,6,5,202.83
1304,559,6,2,189.92
1305,216,48,1,14.61
1306,409,35,5,141.37
1307,748,4,3,18.24
1308,719,1,4,897.14
1309,123,31,5,70.67
1310,285,27,3,45.9
1311,41,19,3,285.01
1312,642,45,5,13.65
1313,160,47,5,12.08
1314,198,41,4,1003.82
1315,39,37,1,95.21
1316,624,19,5,278.16
1317,87,32,1,32.18
1318,792,5,3,79.63
1319,148,40,3,26.48
1320,726,17,1,355.3
1321,736,39,2,77.2
1322,676,48,2,14.56
1323,687,24,2,8.41
1324,421,45,2,13.08
1325,577,34,1,175.81
1326,265,6,2,193.73
1327,446,10,4,19.75
1328,52,27,4,40.89
1329,71,29,2,90.33
1330,360,47,3,11.66
1331,246,17,1,317.11
1332,786,30,4,170.54
1333,593,31,5,65.15
1334,524,44,4,21.23
1335,282,10,5,20.11
1336,433,1,3,966.5
1337,245,29,4,97.52
1338,419,34,1,168.62
1339,16,35,3,156.59
1340,113,28,5,12.87
1341,590,18,3,110.44
1342,105,7,3,76.65
1343,452,26,4,74.64
1344,94,48,2,14.73
1345,632,38,2,175.73
1346,485,44,2,20.68
1347,383,1,1,952.5
1348,136,1,4,844.91
1349,581,7,4,72.98
1350,228,47,3,12.06
1351,110,3,1,110.57
1352,74,4,5,18.6
1353,234,14,5,63.99
1354,231,46,1,66.89
1355,442,39,2,70.93
1356,568,49,5,943.05
1357,390,12,1,32.72
1358,193,17,3,340.08
1359,218,5,4,88.65
1360,204,18,4,118.28
1361,567,43,3,87.86
1362,354,50,1,73.55
1363,702,4,4,17.81
1364,558,4,3,19.48
1365,168,17,2,338.62
1366,102,32,2,34.87
1367,269,12,4,29.7
1368,27,35,4,139.15
1369,319,42,1,23.17
1370,320,46,3,67.08
1371,174,5,1,83.92
1372,449,17,4,315.23
1373,544,32,2,35.1
1374,47,1,1,928.01
1375,639,18,2,118.43
1376,758,26,5,65.72
1377,323,46,4,71.44
1378,699,26,1,71.94
1379,125,1,4,970.45
1380,388,50,4,71.62
1381,771,35,3,141.87
1382,798,20,4,7.16
1383,137,42,1,21.24
1384,170,22,1,207.4
1385,63,49,3,920.4
1386,80,12,5,29.34
1387,291,25,2,1286.73
1388,619,25,1,1358.29
1389,239,23,4,29.26
1390,119,41,4,1029.08
1391,248,9,1,581.69
1392,677,47,5,12.04
1393,372,25,1,1393.26
1394,13,42,3,21.72
1395,719,29,1,87.66
1396,696,4,3,18.99
1397,607,3,4,101.75
1398,532,42,5,21.57
1399,370,44,5,20.11
1400,567,38,2,187.23
1401,513,3,2,108.27
1402,268,2,4,19.36
1403,209,40,1,26.34
1404,54,42,2,20.01
1405,714,41,1,1056.3
1406,164,7,4,76.13
1407,736,38,1,184.19
1408,650,7,1,74.74
1409,10,40,2,25.53
1410,304,13,4,7.25
1411,390,48,4,13.79
1412,464,44,5,21.48
1413,584,21,2,94.22
1414,571,38,2,170.49
1415,439,8,3,5.38
1416,28,27,2,44.07
1417,204,36,2,33.62
1418,718,38,1,164.75
1419,770,41,5,971.35
1420,460,11,1,93.55
1421,520,6,1,175.53
1422,340,6,5,202.74
1423,771,27,4,44.04
1424,436,14,2,64.0
1425,553,34,4,177.83
1426,674,12,5,32.69
1427,213,39,2,74.93
1428,721,40,1,28.05
1429,640,20,3,7.61
1430,684,36,2,32.26
1431,278,34,1,183.88
1432,424,49,5,899.96
1433,592,30,2,164.99
1434,736,13,1,7.8
1435,725,44,4,21.31
1436,465,11,1,81.75
1437,131,24,3,8.34
1438,704,17,3,348.39
1439,676,49,4,832.29
1440,689,48,1,15.17
1441,60,12,2,33.18
1442,324,32,5,32.12
1443,123,16,4,26.44
1444,434,21,4,85.93
1445,638,44,3,20.39
1446,764,8,3,5.46
1447,198,16,4,27.61
1448,380,25,2,1238.13
1449,165,38,4,162.51
1450,175,28,2,11.5
1451,187,40,4,26.05
1452,138,24,2,8.69
1453,274,13,3,8.02
1454,631,13,3,7.0
1455,313,45,5,12.18
1456,767,9,1,647.06
1457,739,30,4,162.07
1458,395,22,2,208.84
1459,507,39,2,75.78
1460,297,41,5,1056.45
1461,641,37,5,98.2
1462,195,6,4,201.82
1463,353,32,2,34.76
1464,33,30,3,157.72
1465,147,28,2,11.56
1466,695,28,5,11.51
1467,95,38,2,186.92
1468,468,1,4,974.27
1469,512,3,4,112.57
1470,465,33,1,756.24
1471,441,26,4,75.06
1472,219,45,1,13.02
1473,337,16,1,26.3
1474,603,1,4,969.83
1475,235,9,3,591.88
1476,96,42,1,20.01
1477,659,43,3,86.45
1478,651,30,5,178.06
1479,567,2,4,18.05
1480,748,9,4,580.88
1481,230,24,4,9.04
1482,604,1,1,887.01
1483,675,45,3,13.18
1484,721,19,4,313.61
1485,319,45,5,13.21
1486,666,14,1,63.81
1487,461,22,1,197.0
1488,772,44,3,22.66
1489,661,8,4,5.58
1490,363,40,1,26.88
1491,559,12,5,32.76
1492,564,36,2,31.97
1493,178,22,2,197.79
1494,135,42,4,22.56
1495,304,49,5,952.96
1496,735,45,2,13.66
1497,118,49,2,872.69
1498,166,18,5,118.06
1499,151,18,1,106.59
1500,187,23,4,31.31
1501,714,34,1,179.53
1502,332,35,5,155.25
1503,500,29,5,92.75
1504,179,44,1,20.24
1505,792,30,1,159.54
1506,617,12,3,34.07
1507,4,5,1,78.45
1508,404,8,2,5.7
1509,64,14,5,67.17
1510,719,2,3,17.91
1511,439,44,5,22.81
1512,618,31,3,67.21
1513,73,48,1,13.71
1514,595,5,1,87.97
1515,774,15,5,57.03
1516,89,27,5,41.62
1517,46,42,3,21.67
1518,717,43,5,96.54
1519,434,29,4,91.76
1520,406,9,3,579.57
1521,224,17,2,341.04
1522,358,19,1,284.07
1523,347,19,4,323.54
1524,742,40,2,28.43
1525,217,19,2,324.37
1526,115,46,2,67.76
1527,131,8,1,6.16
1528,711,37,2,91.96
1529,342,24,2,8.33
1530,102,46,1,73.62
1531,301,23,2,30.73
1532,344,35,2,146.6
1533,260,8,1,5.62
1534,108,32,2,36.74
1535,544,21,2,83.08
1536,357,48,5,15.28
1537,33,22,3,195.69
1538,664,19,5,309.41
1539,470,37,4,90.42
1540,488,8,4,6.08
1541,734,9,5,574.12
1542,31,2,4,18.5
1543,631,15,4,54.43
1544,53,21,1,91.93
1545,611,13,5,7.48
1546,226,50,3,72.54
1547,358,6,5,201.58
1548,480,44,1,22.97
1549,20,26,2,71.36
1550,267,39,5,72.52
1551,689,4,3,17.84
1552,568,46,4,70.18
1553,413,24,1,8.44
1554,162,23,3,33.81
1555,303,36,1,32.39
1556,572,29,4,99.44
1557,478,19,2,316.19
1558,443,28,4,11.35
1559,469,38,5,163.41
1560,425,14,3,62.33
1561,400,34,3,167.71
1562,117,38,4,163.48
1563,421,27,3,42.12
1564,322,36,4,35.11
1565,258,49,2,855.02
1566,499,25,3,1341.73
1567,684,3,3,114.35
1568,104,20,4,7.79
1569,44,30,2,158.06
1570,557,1,2,869.1
1571,755,41,4,930.85
1572,255,43,3,90.24
1573,435,32,2,31.63
1574,322,49,3,897.85
1575,188,5,5,86.27
1576,385,38,4,177.03
1577,251,17,4,368.21
1578,389,8,3,5.72
1579,331,37,1,98.05
1580,433,11,5,81.82
1581,125,21,4,95.89
1582,119,9,3,578.73
1583,40,18,3,113.21
1584,454,23,1,30.31
1585,753,34,1,180.81
1586,88,50,2,79.58
1587,204,39,2,72.89
1588,743,21,3,87.0
1589,484,45,3,12.26
1590,795,38,3,184.35
1591,654,1,2,906.55
1592,445,24,4,8.63
1593,759,11,1,84.09
1594,88,33,2,806.62
1595,68,36,5,35.0
1596,573,34,5,186.62
1597,338,45,1,12.94
1598,4,5,1,87.25
1599,583,2,4,17.71
1600,203,45,3,12.35
1601,410,29,5,95.13
1602,613,22,2,203.21
1603,305,2,1,17.34
1604,325,45,2,13.52
1605,328,20,2,7.35
1606,128,6,4,196.68
1607,128,8,1,5.26
1608,550,31,4,63.04
1609,485,7,1,78.33
1610,554,33,5,710.76
1611,737,8,3,5.28
1612,760,20,1,8.03
1613,272,8,5,5.43
1614,796,13,2,7.65
1615,278,2,1,17.11
1616,746,48,3,15.22
1617,490,23,3,29.65
1618,200,33,5,733.42
1619,238,37,1,86.82
1620,372,38,1,175.99
1621,624,46,2,77.09
1622,77,11,5,81.04
1623,93,47,1,13.44
1624,287,33,4,748.89
1625,239,38,2,173.45
1626,778,7,2,78.84
1627,25,25,4,1268.48
1628,314,15,4,52.22
1629,635,21,1,89.85
1630,157,34,2,180.28
1631,768,24,3,8.83
1632,130,3,1,105.44
1633,94,8,4,5.51
1634,454,39,3,74.58
1635,650,29,2,95.6
1636,672,19,4,286.05
1637,223,5,4,88.87
1638,453,24,2,8.06
1639,52,44,4,21.92
1640,697,26,4,71.74
1641,240,44,1,20.0
1642,339,26,4,73.74
1643,222,7,2,69.5
1644,761,13,3,7.08
1645,26,26,1,68.38
1646,482,28,4,11.62
1647,688,46,5,72.79
1648,537,49,4,877.88
1649,687,43,5,98.14
1650,418,32,5,33.02
1651,202,50,4,71.45
1652,755,17,4,341.77
1653,253,41,2,915.66
1654,254,48,1,14.95
1655,63,32,1,36.87
1656,542,25,5,1368.77
1657,711,10,3,19.35
1658,755,7,1,76.73
1659,32,34,4,188.97
1660,277,13,3,7.64
1661,371,32,5,32.93
1662,749,22,5,198.01
1663,678,49,1,970.39
1664,90,8,4,5.66
1665,255,25,4,1321.41
1666,476,3,2,109.46
1667,680,50,3,81.06
1668,463,11,4,87.13
1669,713,20,4,7.7
1670,289,8,5,5.87
1671,155,43,5,94.21
1672,611,37,4,92.49
1673,236,11,5,81.78
1674,767,17,4,346.97
1675,795,25,5,1368.18
1676,357,50,3,74.08
1677,667,2,5,16.82
1678,694,24,3,9.19
1679,183,38,1,182.7
1680,527,41,3,972.06
1681,337,28,3,13.01
1682,559,27,3,39.64
1683,170,16,2,24.93
1684,233,20,5,7.2
1685,750,45,1,13.9
1686,197,8,3,5.4
1687,54,35,3,134.87
1688,271,43,4,92.47
1689,412,27,3,39.39
1690,360,31,5,62.81
1691,482,21,4,91.38
1692,220,21,5,84.45
1693,670,32,1,35.31
1694,708,14,3,62.55
1695,185,49,3,850.27
1696,270,20,3,8.3
1697,487,13,4,7.61
1698,748,5,5,79.12
1699,536,17,1,330.68
1700,69,37,4,97.44
1701,277,40,1,28.45
1702,800,38,1,177.78
1703,633,18,1,115.94
1704,81,34,4,178.27
1705,205,23,1,32.15
1706,131,20,5,8.09
1707,199,28,5,11.69
1708,43,27,4,40.98
1709,281,33,4,786.76
1710,413,36,2,36.05
1711,272,41,5,1049.56
1712,696,37,4,88.53
1713,476,48,4,13.66
1714,590,41,5,1040.92
1715,308,50,4,81.68
1716,514,47,1,12.62
1717,438,24,4,8.25
1718,390,10,3,20.03
1719,243,27,3,45.2
1720,449,5,2,87.62
1721,722,18,3,117.43
1722,118,17,5,327.29
1723,620,16,1,24.57
1724,472,2,2,19.03
1725,564,20,4,7.7
1726,73,28,4,12.34
1727,587,3,2,102.47
1728,252,9,1,588.17
1729,498,18,5,108.68
1730,393,3,4,113.43
1731,279,4,1,17.59
1732,101,20,1,8.22
1733,724,27,3,43.9
1734,389,6,4,204.48
1735,767,47,2,12.03
1736,199,37,5,99.37
1737,17,34,5,193.56
1738,563,34,3,180.3
1739,693,6,2,193.86
1740,183,50,3,74.19
1741,477,38,4,183.85
1742,45,48,2,15.19
1743,605,14,2,58.6
1744,528,14,3,61.97
1745,606,17,5,317.29
1746,593,35,3,150.53
1747,736,8,3,5.75
1748,641,31,2,73.2
1749,782,10,3,18.9
1750,486,24,3,8.07
1751,219,39,1,76.39
1752,641,43,1,94.29
1753,459,43,2,87.8
1754,788,25,3,1360.08
1755,408,45,3,13.97
1756,619,44,1,21.44
1757,11,16,4,25.58
1758,625,26,3,69.17
1759,513,49,2,869.33
1760,294,11,4,90.0
1761,722,50,4,79.88
1762,184,18,1,120.72
1763,613,32,4,35.57
1764,75,22,4,208.53
1765,708,7,2,77.18
1766,705,33,1,747.08
1767,152,39,5,75.17
1768,324,30,1,178.47
1769,668,42,2,22.18
1770,738,42,2,19.97
1771,414,13,3,7.22
1772,164,6,1,180.19
1773,593,34,2,190.55
1774,20,44,4,22.33
1775,261,21,4,90.03
1776,523,48,2,13.64
1777,371,44,5,22.45
1778,521,19,2,280.95
1779,423,24,2,8.6
1780,522,25,5,1270.69
1781,476,2,5,18.59
1782,294,41,2,1056.66
1783,272,30,2,164.59
1784,779,11,1,86.71
1785,494,28,5,11.58
1786,197,6,3,180.57
1787,565,37,1,85.54
1788,784,34,4,188.4
1789,440,30,4,160.61
1790,704,46,2,68.1
1791,162,18,3,119.29
1792,359,25,2,1315.3
1793,349,14,5,59.7
1794,369,19,2,297.26
1795,637,27,2,39.44
1796,303,17,2,348.44
1797,599,16,3,26.4
1798,221,42,4,20.26
1799,442,31,2,72.19
1800,501,45,4,13.51
1801,299,46,4,74.12
1802,374,48,5,13.63
1803,768,7,5,69.43
1804,735,22,2,195.6
1805,601,23,5,33.61
1806,115,39,1,66.58
1807,578,33,5,750.69
1808,665,26,3,67.21
1809,95,36,1,34.4
1810,91,17,2,342.12
1811,614,22,4,184.8
1812,453,21,5,89.36
1813,341,17,1,331.56
1814,333,9,4,649.05
1815,34,18,3,122.64
1816,496,19,3,306.77
1817,318,49,3,901.33
1818,799,28,2,11.69
1819,766,32,2,34.56
1820,202,43,4,84.84
1821,274,10,1,18.14
1822,186,3,4,104.25
1823,724,46,4,70.96
1824,466,32,1,33.93
1825,589,46,5,71.52
1826,681,32,1,36.17
1827,699,10,1,18.51
1828,481,14,3,59.34
1829,141,11,5,92.73
1830,653,37,5,88.52
1831,74,1,5,943.0
1832,144,12,4,33.87
1833,757,16,4,26.8
1834,553,22,1,189.65
1835,430,44,1,20.96
1836,13,38,1,184.74
1837,436,10,1,17.68
1838,152,46,4,71.16
1839,649,18,5,117.65
1840,779,22,1,201.5
1841,747,29,3,101.65
1842,485,47,5,11.82
1843,681,4,3,17.62
1844,729,4,1,18.28
1845,673,39,4,67.6
1846,662,17,2,327.51
1847,165,50,4,71.22
1848,676,14,2,61.45
1849,605,26,3,73.18
1850,671,42,2,20.38
1851,708,32,4,35.56
1852,694,20,5,7.25
1853,543,43,1,96.39
1854,389,33,2,764.18
1855,542,25,4,1280.18
1856,154,39,4,67.57
1857,317,28,3,12.28
1858,522,28,4,11.26
1859,190,33,3,824.21
1860,433,44,2,21.83
1861,296,46,2,76.7
1862,256,34,5,168.23
1863,32,30,4,159.52
1864,591,31,3,64.21
1865,758,9,3,646.06
1866,585,34,4,174.42
1867,205,4,5,16.89
1868,389,3,5,101.56
1869,570,28,4,11.26
1870,604,43,5,96.1
1871,206,23,3,31.81
1872,781,50,5,70.32
1873,680,48,4,13.45
1874,103,12,4,29.37
1875,272,27,3,41.42
1876,259,47,4,13.1
1877,76,29,5,99.51
1878,81,22,2,187.32
1879,312,6,5,183.33
1880,72,44,1,21.09
1881,279,2,1,17.85
1882,21,1,2,926.72
1883,621,30,4,181.44
1884,791,48,5,14.71
1885,781,20,5,8.11
1886,105,40,3,28.33
1887,271,45,4,13.76
1888,668,6,2,179.48
1889,699,13,1,7.83
1890,237,45,2,13.88
1891,652,14,4,64.09
1892,90,42,2,21.49
1893,285,41,5,941.57
1894,139,20,4,7.27
1895,709,28,1,11.3
1896,479,10,4,20.4
1897,785,31,1,72.06
1898,692,38,2,166.68
1899,490,37,4,86.09
1900,174,1,1,923.0
1901,387,46,4,77.27
1902,549,32,5,34.79
1903,660,36,3,31.41
1904,763,26,4,71.63
1905,773,47,5,13.46
1906,474,32,2,35.44
1907,500,34,1,178.12
1908,411,21,5,83.95
1909,681,42,4,23.09
1910,707,8,4,5.82
1911,655,42,3,21.54
1912,255,28,1,11.39
1913,324,47,2,12.51
1914,305,29,2,94.89
1915,258,38,3,187.15
1916,1,46,4,67.41
1917,40,19,4,323.72
1918,324,44,3,22.34
1919,770,11,5,83.94
1920,389,45,1,13.47
1921,612,9,2,582.32
1922,573,39,4,67.7
1923,580,27,4,41.35
1924,6,14,5,57.99
1925,431,2,3,19.28
1926,548,23,2,29.72
1927,320,33,1,803.55
1928,666,22,4,184.22
1929,610,15,1,56.28
1930,697,32,3,36.99
1931,100,23,1,32.75
1932,96,36,3,36.14
1933,42,45,5,13.34
1934,578,7,1,79.95
1935,566,29,4,101.89
1936,143,49,1,968.05
1937,465,40,5,28.74
1938,280,7,5,69.22
1939,184,7,2,76.35
1940,157,14,3,59.1
1941,409,19,4,314.05
1942,542,32,1,32.33
1943,238,24,3,9.2
1944,391,8,2,5.65
1945,786,27,1,40.94
1946,297,31,3,65.73
1947,508,11,1,84.78
1948,270,46,4,70.08
1949,500,43,2,86.3
1950,118,49,5,887.45
1951,109,15,2,58.45
1952,250,27,4,45.46
1953,368,34,3,193.38
1954,560,29,2,98.93
1955,151,46,5,76.85
1956,666,6,3,185.04
1957,598,50,2,75.49
1958,769,26,1,73.33
1959,62,42,2,23.14
1960,371,4,5,19.53
1961,316,27,4,45.38
1962,331,45,5,13.91
1963,313,47,3,13.4
1964,241,1,3,962.54
1965,235,40,2,28.37
1966,506,29,2,100.73
1967,233,40,5,28.16
1968,217,45,3,13.94
1969,364,42,4,22.69
1970,461,20,1,7.14
1971,191,22,4,203.7
1972,7,48,2,14.24
1973,61,35,3,139.04
1974,29,33,5,742.16
1975,493,22,2,181.34
1976,637,35,5,140.1
1977,325,50,3,79.11
1978,425,33,1,794.26
1979,491,24,3,8.93
1980,378,23,1,29.07
1981,352,42,1,21.54
1982,367,37,1,92.15
1983,60,16,5,26.33
1984,249,41,5,1046.63
1985,520,15,3,53.91
1986,87,43,5,94.02
1987,726,46,4,71.93
1988,747,16,1,25.32
1989,590,38,2,184.34
1990,678,24,4,8.18
1991,269,46,4,75.52
1992,243,6,1,177.23
1993,547,9,4,583.84
1994,417,5,3,85.34
1995,106,26,5,72.16
1996,552,50,4,80.91
1997,571,38,4,179.04
1998,379,29,4,98.34
1999,546,27,2,40.24
2000,489,9,4,633.12
